[
{
  "model": "auth.user",
  "pk": 1,
  "fields": {
    "password": "pbkdf2_sha256$260000$qi0beScsvFyxW2BPMKfJ2k$MLhO/eHatpp3SrxeEulS7Y92lAB8bzBu5s7Umn6Tgsw=",
    "last_login": "2022-11-20T18:33:00.797Z",
    "is_superuser": true,
    "username": "veronika",
    "first_name": "",
    "last_name": "",
    "email": "v@ya.ru",
    "is_staff": true,
    "is_active": true,
    "date_joined": "2022-11-19T15:36:50.127Z",
    "groups": [],
    "user_permissions": []
  }
},
{
  "model": "auth.user",
  "pk": 2,
  "fields": {
    "password": "pbkdf2_sha256$260000$SwV4pfL15LQAF7smOPNOUh$fbX99TlymOnPxT2V70nR1MG4cj6yLeYHgoou1KXnaKA=",
    "last_login": "2022-11-23T13:41:11.378Z",
    "is_superuser": true,
    "username": "admin",
    "first_name": "",
    "last_name": "",
    "email": "veronika.shakalova@yandex.ru",
    "is_staff": true,
    "is_active": true,
    "date_joined": "2022-11-19T15:38:39.561Z",
    "groups": [],
    "user_permissions": []
  }
},
{
  "model": "auth.user",
  "pk": 3,
  "fields": {
    "password": "pbkdf2_sha256$260000$2iSdabhugIoMr3ct6mcH1B$NL//LlsDJ1Z295iNvGFeuK+3rckloDNA2YnWiX5HAVo=",
    "last_login": null,
    "is_superuser": true,
    "username": "ad",
    "first_name": "",
    "last_name": "",
    "email": "ad@ya.ru",
    "is_staff": true,
    "is_active": true,
    "date_joined": "2022-11-19T16:12:31.154Z",
    "groups": [],
    "user_permissions": []
  }
},
{
  "model": "auth.user",
  "pk": 4,
  "fields": {
    "password": "pbkdf2_sha256$260000$HlMMiAPfBCBfFJaDANDpd0$HCK0MYY9S4R+wbbaRoFiUu/dYN7020G1VdH0880rwSA=",
    "last_login": "2022-11-21T09:41:03.212Z",
    "is_superuser": true,
    "username": "v",
    "first_name": "",
    "last_name": "",
    "email": "veronika.shakalova@yandex.ru",
    "is_staff": true,
    "is_active": true,
    "date_joined": "2022-11-20T15:26:12.395Z",
    "groups": [],
    "user_permissions": []
  }
},
{
  "model": "auth.user",
  "pk": 5,
  "fields": {
    "password": "pbkdf2_sha256$260000$VcrTs6xLQBavWIptp6pcvo$UXWaCfayG5dAnHy4osWM7hU71E2xXxn/ADuCAcAoTjw=",
    "last_login": "2022-11-20T17:48:49.407Z",
    "is_superuser": true,
    "username": "a",
    "first_name": "",
    "last_name": "",
    "email": "a@ya.ru",
    "is_staff": true,
    "is_active": true,
    "date_joined": "2022-11-20T17:31:27.299Z",
    "groups": [],
    "user_permissions": []
  }
},
{
  "model": "items.item",
  "pk": 1,
  "fields": {
    "name": "Headphones",
    "description": "The design of its earcups directs sound to the ear at a subtle angle, thereby aiding in a realistic—and realistically stereo—monitoring experience.",
    "price": "300.00"
  }
},
{
  "model": "items.item",
  "pk": 2,
  "fields": {
    "name": "Portable Stereo Bass Column",
    "description": "Portable Bluetooth Speaker,built-in bluetooth wireless transmission, working distance up to 10 meters.",
    "price": "99.00"
  }
},
{
  "model": "items.item",
  "pk": 3,
  "fields": {
    "name": "Watch",
    "description": "A healthy leap ahead.",
    "price": "399.00"
  }
},
{
  "model": "items.item",
  "pk": 4,
  "fields": {
    "name": "TV",
    "description": "An exclusive offer, experience a dazzling TV for less.",
    "price": "999.00"
  }
},
{
  "model": "items.item",
  "pk": 5,
  "fields": {
    "name": "Phone",
    "description": "As amazing as ever.",
    "price": "599.00"
  }
},
{
  "model": "orders.order",
  "pk": 1,
  "fields": {
    "first_name": "rb",
    "last_name": "br",
    "email": "br@rev.ru",
    "address": "rb",
    "postal_code": "rb",
    "city": "rtb",
    "created": "2022-11-21T22:45:38.827Z",
    "updated": "2022-11-21T22:45:38.827Z",
    "paid": false
  }
},
{
  "model": "orders.order",
  "pk": 2,
  "fields": {
    "first_name": "rb",
    "last_name": "br",
    "email": "br@rev.ru",
    "address": "rb",
    "postal_code": "rb",
    "city": "rtb",
    "created": "2022-11-21T22:48:19.866Z",
    "updated": "2022-11-21T22:48:19.866Z",
    "paid": false
  }
},
{
  "model": "orders.order",
  "pk": 3,
  "fields": {
    "first_name": "rth",
    "last_name": "sh",
    "email": "ar@yandex.ru",
    "address": "rb",
    "postal_code": "rb",
    "city": "rtb",
    "created": "2022-11-21T22:50:25.482Z",
    "updated": "2022-11-21T22:50:25.482Z",
    "paid": false
  }
},
{
  "model": "orders.order",
  "pk": 4,
  "fields": {
    "first_name": "rth",
    "last_name": "sh",
    "email": "ar@yandex.ru",
    "address": "rb",
    "postal_code": "rb",
    "city": "rtb",
    "created": "2022-11-21T22:51:26.167Z",
    "updated": "2022-11-21T22:51:26.167Z",
    "paid": false
  }
},
{
  "model": "orders.order",
  "pk": 5,
  "fields": {
    "first_name": "rth",
    "last_name": "sh",
    "email": "ar@yandex.ru",
    "address": "rb",
    "postal_code": "rb",
    "city": "rtb",
    "created": "2022-11-21T22:56:23.361Z",
    "updated": "2022-11-21T22:56:23.361Z",
    "paid": false
  }
},
{
  "model": "orders.order",
  "pk": 6,
  "fields": {
    "first_name": "rth",
    "last_name": "sh",
    "email": "ar@yandex.ru",
    "address": "rb",
    "postal_code": "rb",
    "city": "rtb",
    "created": "2022-11-21T22:56:54.766Z",
    "updated": "2022-11-21T22:56:54.766Z",
    "paid": false
  }
},
{
  "model": "orders.order",
  "pk": 7,
  "fields": {
    "first_name": "v",
    "last_name": "sh",
    "email": "ar@yandex.ru",
    "address": "rb",
    "postal_code": "rb",
    "city": "rtb",
    "created": "2022-11-22T18:22:18.442Z",
    "updated": "2022-11-22T18:22:18.442Z",
    "paid": false
  }
},
{
  "model": "orders.order",
  "pk": 8,
  "fields": {
    "first_name": "v",
    "last_name": "sh",
    "email": "ar@yandex.ru",
    "address": "rb",
    "postal_code": "rb",
    "city": "rtb",
    "created": "2022-11-22T18:24:07.345Z",
    "updated": "2022-11-22T18:24:07.345Z",
    "paid": false
  }
},
{
  "model": "orders.order",
  "pk": 9,
  "fields": {
    "first_name": "Елизавета",
    "last_name": "sh",
    "email": "ar@yandex.ru",
    "address": "rb",
    "postal_code": "rb",
    "city": "rtb",
    "created": "2022-11-22T19:36:32.786Z",
    "updated": "2022-11-22T19:36:32.786Z",
    "paid": false
  }
},
{
  "model": "orders.order",
  "pk": 10,
  "fields": {
    "first_name": "Елизавета",
    "last_name": "sh",
    "email": "ar@yandex.ru",
    "address": "rb",
    "postal_code": "rb",
    "city": "rtb",
    "created": "2022-11-22T19:37:05.594Z",
    "updated": "2022-11-22T19:37:05.594Z",
    "paid": false
  }
},
{
  "model": "orders.order",
  "pk": 11,
  "fields": {
    "first_name": "Елизавета",
    "last_name": "sh",
    "email": "ar@yandex.ru",
    "address": "rb",
    "postal_code": "rb",
    "city": "rtb",
    "created": "2022-11-22T19:39:34.572Z",
    "updated": "2022-11-22T19:39:34.572Z",
    "paid": false
  }
},
{
  "model": "orders.order",
  "pk": 12,
  "fields": {
    "first_name": "Елизавета",
    "last_name": "sh",
    "email": "ar@yandex.ru",
    "address": "rb",
    "postal_code": "rb",
    "city": "rtb",
    "created": "2022-11-22T19:47:11.910Z",
    "updated": "2022-11-22T19:47:11.911Z",
    "paid": false
  }
},
{
  "model": "orders.order",
  "pk": 13,
  "fields": {
    "first_name": "Елизавета",
    "last_name": "sh",
    "email": "ar@yandex.ru",
    "address": "rb",
    "postal_code": "rb",
    "city": "rtb",
    "created": "2022-11-22T19:48:53.167Z",
    "updated": "2022-11-22T19:48:53.167Z",
    "paid": false
  }
},
{
  "model": "orders.order",
  "pk": 14,
  "fields": {
    "first_name": "Елизавета",
    "last_name": "sh",
    "email": "ar@yandex.ru",
    "address": "rb",
    "postal_code": "rb",
    "city": "rtb",
    "created": "2022-11-22T19:56:19.738Z",
    "updated": "2022-11-22T19:56:19.738Z",
    "paid": false
  }
},
{
  "model": "orders.order",
  "pk": 15,
  "fields": {
    "first_name": "Елизавета",
    "last_name": "sh",
    "email": "ar@yandex.ru",
    "address": "rb",
    "postal_code": "rb",
    "city": "rtb",
    "created": "2022-11-22T19:58:35.438Z",
    "updated": "2022-11-22T19:58:35.438Z",
    "paid": false
  }
},
{
  "model": "orders.order",
  "pk": 16,
  "fields": {
    "first_name": "Елизавета",
    "last_name": "sh",
    "email": "ar@yandex.ru",
    "address": "rb",
    "postal_code": "rb",
    "city": "rtb",
    "created": "2022-11-22T19:58:44.118Z",
    "updated": "2022-11-22T19:58:44.118Z",
    "paid": false
  }
},
{
  "model": "orders.order",
  "pk": 17,
  "fields": {
    "first_name": "Елизавета",
    "last_name": "sh",
    "email": "ar@yandex.ru",
    "address": "rb",
    "postal_code": "rb",
    "city": "rtb",
    "created": "2022-11-22T19:58:49.430Z",
    "updated": "2022-11-22T19:58:49.430Z",
    "paid": false
  }
},
{
  "model": "orders.order",
  "pk": 18,
  "fields": {
    "first_name": "Елизавета",
    "last_name": "sh",
    "email": "ar@yandex.ru",
    "address": "rb",
    "postal_code": "rb",
    "city": "rtb",
    "created": "2022-11-22T20:01:27.543Z",
    "updated": "2022-11-22T20:01:27.543Z",
    "paid": false
  }
},
{
  "model": "orders.order",
  "pk": 19,
  "fields": {
    "first_name": "Елизавета",
    "last_name": "sh",
    "email": "ar@yandex.ru",
    "address": "rb",
    "postal_code": "rb",
    "city": "rtb",
    "created": "2022-11-22T20:05:19.504Z",
    "updated": "2022-11-22T20:05:19.504Z",
    "paid": false
  }
},
{
  "model": "orders.order",
  "pk": 20,
  "fields": {
    "first_name": "Артем",
    "last_name": "sh",
    "email": "ar@yandex.ru",
    "address": "rb",
    "postal_code": "rb",
    "city": "rtb",
    "created": "2022-11-22T20:13:06.824Z",
    "updated": "2022-11-22T20:13:06.824Z",
    "paid": false
  }
},
{
  "model": "orders.order",
  "pk": 21,
  "fields": {
    "first_name": "Елизавета",
    "last_name": "sh",
    "email": "ar@yandex.ru",
    "address": "rb",
    "postal_code": "rb",
    "city": "rtb",
    "created": "2022-11-22T21:04:14.787Z",
    "updated": "2022-11-22T21:04:14.787Z",
    "paid": false
  }
},
{
  "model": "orders.order",
  "pk": 22,
  "fields": {
    "first_name": "v",
    "last_name": "sh",
    "email": "ar@yandex.ru",
    "address": "rb",
    "postal_code": "rb",
    "city": "rtb",
    "created": "2022-11-22T22:09:25.944Z",
    "updated": "2022-11-22T22:09:25.944Z",
    "paid": false
  }
},
{
  "model": "orders.order",
  "pk": 23,
  "fields": {
    "first_name": "Елизавета",
    "last_name": "sh",
    "email": "ar@yandex.ru",
    "address": "rb",
    "postal_code": "rb",
    "city": "rtb",
    "created": "2022-11-23T09:28:57.998Z",
    "updated": "2022-11-23T09:28:57.998Z",
    "paid": false
  }
},
{
  "model": "orders.order",
  "pk": 24,
  "fields": {
    "first_name": "v",
    "last_name": "sh",
    "email": "ar@yandex.ru",
    "address": "rb",
    "postal_code": "rb",
    "city": "rtb",
    "created": "2022-11-23T09:36:50.296Z",
    "updated": "2022-11-23T09:36:50.296Z",
    "paid": false
  }
},
{
  "model": "orders.orderitem",
  "pk": 1,
  "fields": {
    "order": 7,
    "item": 2,
    "price": "20.00",
    "quantity": 21
  }
},
{
  "model": "orders.orderitem",
  "pk": 2,
  "fields": {
    "order": 8,
    "item": 2,
    "price": "20.00",
    "quantity": 21
  }
},
{
  "model": "orders.orderitem",
  "pk": 3,
  "fields": {
    "order": 9,
    "item": 1,
    "price": "15000.00",
    "quantity": 8
  }
},
{
  "model": "orders.orderitem",
  "pk": 4,
  "fields": {
    "order": 20,
    "item": 2,
    "price": "20.00",
    "quantity": 5
  }
},
{
  "model": "orders.orderitem",
  "pk": 5,
  "fields": {
    "order": 21,
    "item": 1,
    "price": "15000.00",
    "quantity": 6
  }
},
{
  "model": "orders.orderitem",
  "pk": 6,
  "fields": {
    "order": 22,
    "item": 2,
    "price": "20.00",
    "quantity": 4
  }
},
{
  "model": "orders.orderitem",
  "pk": 7,
  "fields": {
    "order": 22,
    "item": 3,
    "price": "40000.00",
    "quantity": 4
  }
},
{
  "model": "orders.orderitem",
  "pk": 8,
  "fields": {
    "order": 22,
    "item": 1,
    "price": "15000.00",
    "quantity": 6
  }
},
{
  "model": "orders.orderitem",
  "pk": 9,
  "fields": {
    "order": 23,
    "item": 3,
    "price": "40000.00",
    "quantity": 5
  }
},
{
  "model": "orders.orderitem",
  "pk": 10,
  "fields": {
    "order": 23,
    "item": 1,
    "price": "15000.00",
    "quantity": 1
  }
},
{
  "model": "orders.orderitem",
  "pk": 11,
  "fields": {
    "order": 24,
    "item": 1,
    "price": "15000.00",
    "quantity": 1
  }
}
]
